lambda_um,eta,V,delta_phi
1.550000000000000044e+00,4.782905505605941632e-01,9.962366930295387668e-01,-2.550488754840674943e+00
