lambda_um,eta,V,delta_phi
1.550000000000000044e+00,4.870771516850145311e-01,9.986648917837572803e-01,-1.970825803612445526e+00
