lambda_um,eta,V,delta_phi
1.550000000000000044e+00,5.388963378233856405e-01,9.879694047890935638e-01,-1.093231072380649538e+00
