lambda_um,eta,V,delta_phi
1.550000000000000044e+00,5.088615307628970852e-01,9.993719834446452843e-01,-2.491439684177553016e+00
