lambda_um,eta,V,delta_phi
1.550000000000000044e+00,4.955593040293448381e-01,9.998422541972202815e-01,-1.926220025815753800e+00
