lambda_um,eta,V,delta_phi
1.550000000000000044e+00,5.364859536877987223e-01,9.894066102014972275e-01,-2.062111745717611910e+00
