lambda_um,eta,V,delta_phi
1.550000000000000044e+00,4.751423090034945229e-01,9.950689492662807556e-01,-2.489755753437415287e+00
